{"cameraMode":{"drawMode":0,"name":"Shaded","section":"Shading Mode"},"sceneLighting":false,"audioPlay":false,"sceneViewState":{"showFog":true,"showMaterialUpdate":false,"showSkybox":false,"showFlares":true,"showImageEffects":true,"showParticleSystems":true},"in2DMode":false,"pivot":{"x":0.8945541381835938,"y":2.7896580696105959,"z":-0.8506282567977905},"rotation":{"x":0.1813482642173767,"y":-0.5761957168579102,"z":0.13298000395298005,"w":0.7858198285102844},"size":1.1798930168151856,"orthographic":false}