{"cameraMode":{"drawMode":0,"name":"Shaded","section":"Shading Mode"},"sceneLighting":false,"audioPlay":false,"sceneViewState":{"showFog":true,"showMaterialUpdate":false,"showSkybox":false,"showFlares":true,"showImageEffects":true,"showParticleSystems":true},"in2DMode":false,"pivot":{"x":0.10167139768600464,"y":0.08816477656364441,"z":-0.4810328483581543},"rotation":{"x":0.0867546945810318,"y":-0.7799487113952637,"z":0.11095385998487473,"w":0.6098414063453674},"size":0.40216493606567385,"orthographic":false}