{"cameraMode":{"drawMode":0,"name":"Shaded","section":"Shading Mode"},"sceneLighting":true,"audioPlay":false,"sceneViewState":{"showFog":true,"showMaterialUpdate":false,"showSkybox":true,"showFlares":true,"showImageEffects":true,"showParticleSystems":true},"in2DMode":false,"pivot":{"x":0.013468503952026368,"y":-0.018060743808746339,"z":-0.0010207593441009522},"rotation":{"x":0.09663243591785431,"y":-0.8897718787193298,"z":0.22228625416755677,"w":0.386836439371109},"size":0.3073950409889221,"orthographic":false}